{"ts_means": [82.65484112019129, 124.39234104046243, 376.73042662916083, 521.1483309826046, 2.885436890122381, 26.84287631402371, 2.9756209683821306, 155.71190476190475, 1.4658301806837262, 59.22167398824303, 0.5473265212886617, 11.36669154164844, 140.9156918350467, 23.142206535352386, 30.652384695630207, 87.3448830293082, 4.118436756457416, 3.0184682558216744, 79.52809193920842, 1.0, 2.028575527062222, 57.8439699257763, 76.50044553400184, 118.05011863047436, 139.1846083892236, 40.47908979089791, 149.0202906498492, 189.03772962270378, 19.769813639156258, 96.6838129427071, 118.23152628339805, 37.030645231226494, 8.804471530959132, 1.2624230105358902, 118.86743409924156, 13.19202684685147, 7.373816940543706], "ts_stds": [25.335288626494762, 206.82305304639652, 1164.4431167055045, 1611.3643810770272, 0.6707572778071909, 22.138749515013075, 5.789484093247527, 45.42161976205902, 1.503068671559593, 13.311472392492684, 0.19170616133070917, 4.0099613661212015, 64.44481377296127, 4.695406692006717, 4.981186319909074, 18.316265141313462, 0.6590853257538761, 2.59662926732433, 17.032133622604025, 1e-07, 0.6344055346488982, 15.709934797854563, 15.859826699025856, 23.581939726182178, 5.577635292741318, 9.053015532936877, 86.77612560753897, 105.98911305256739, 5.622628604124625, 3.273455711545554, 24.791245976833324, 1.3402715535483103, 10.835972934111599, 3.0239246440324274, 160.1820169865742, 11.338079649407128, 0.09973475789811866], "demo_means": [64.68006304176517, 0.0, 0.0, 88.84058322560797, 0.0, 0.0, 0.0, 0.0], "demo_stds": [16.768006061316175, 1.0, 1.0, 85.54501955542514, 1.0, 1.0, 1.0, 1.0], "class_balance": {"0": 0.8534278959810875, "1": 0.14657210401891252}}