{"ts_means": [-0.3699882680733126, -0.0017277553375005094], "ts_stds": [0.656472636066493, 0.6585279420156309], "demo_means": [0.03736836577063514], "demo_stds": [1.0741606786935276], "class_balance": {"1": 0.5140625, "0": 0.4859375}}