{"ts_means": [11.006779241643875, 18.599827997070594, 27.38128886818347, 31.058033560953866, 32.74374361005683, 33.4608817960656], "ts_stds": [271.0107232749088, 768.9008301113469, 683.150453459341, 674.1756953772028, 786.1359434919121, 1107.4560875670368], "demo_means": [0.0], "demo_stds": [1e-07], "class_balance": {"11": 0.30859176410777833, "1": 0.10828673106253177, "8": 0.1260803253685816, "12": 0.03355363497712252, "2": 0.15302491103202848, "0": 0.05134722928317234, "10": 0.04829689883070666, "13": 0.021860701576004067, "9": 0.029486527707168277, "7": 0.009150991357397052, "3": 0.02592780884595831, "6": 0.06609049313675648, "5": 0.0157600406710727, "4": 0.002541942043721403}}