{"ts_means": [9.447558490615508, 23.305368466685845, 23.5944964264261, 33.16176087487471, 32.66753070661977, 30.64174405570749], "ts_stds": [192.34319167262225, 810.5853947575504, 693.4154593019185, 700.3356475378959, 802.263524012929, 1104.3843230218188], "demo_means": [0.0], "demo_stds": [1e-07], "class_balance": {"11": 0.30859176410777833, "1": 0.10828673106253177, "8": 0.1260803253685816, "12": 0.03355363497712252, "2": 0.15302491103202848, "0": 0.05134722928317234, "10": 0.04829689883070666, "13": 0.021860701576004067, "9": 0.029486527707168277, "7": 0.009150991357397052, "3": 0.02592780884595831, "6": 0.06609049313675648, "5": 0.0157600406710727, "4": 0.002541942043721403}}