{"ts_means": [0.001261948187749798, 0.0026625820163238205, 0.004380355580491976, 0.006696438399357454, 0.010128816913346574, 0.01578035344856639, 0.026446799340221764, 0.05136668964076072, 0.14252432931348102, 4.287645112521015, 9.489121785572106], "ts_stds": [0.0012298017030195128, 0.002594748208121051, 0.004268762501631129, 0.006525853953718532, 0.009870819754620909, 0.015378427197770984, 0.025773228610855858, 0.05005846311467349, 0.13889450797550937, 4.178446810153465, 9.247452604363863], "demo_means": [0.0], "demo_stds": [1e-07], "class_balance": {"25": 0.02790346907993967, "5": 0.023755656108597284, "28": 0.026018099547511313, "21": 0.02828054298642534, "4": 0.026772247360482653, "22": 0.02564102564102564, "32": 0.02828054298642534, "15": 0.026772247360482653, "24": 0.02790346907993967, "8": 0.026395173453996983, "37": 0.024509803921568627, "30": 0.024509803921568627, "20": 0.026018099547511313, "6": 0.02526395173453997, "2": 0.021870286576168928, "13": 0.027149321266968326, "17": 0.02564102564102564, "11": 0.027149321266968326, "31": 0.026772247360482653, "14": 0.02526395173453997, "36": 0.027149321266968326, "33": 0.024886877828054297, "16": 0.024509803921568627, "29": 0.02564102564102564, "0": 0.023755656108597284, "9": 0.023755656108597284, "34": 0.027526395173453996, "12": 0.023755656108597284, "23": 0.02564102564102564, "1": 0.026018099547511313, "35": 0.026018099547511313, "38": 0.02564102564102564, "19": 0.026772247360482653, "27": 0.023378582202111614, "3": 0.02262443438914027, "26": 0.024886877828054297, "18": 0.024509803921568627, "10": 0.026018099547511313, "7": 0.02564102564102564}}