{"ts_means": [0.0012624457225564717, 0.00266138977311807, 0.004385773434535592, 0.006692927254904812, 0.010134676569332271, 0.01576849342163644, 0.026436717880669574, 0.051389330123923625, 0.1424411626570543, 4.294461213784662, 9.476661145370501], "ts_stds": [0.0012288345531685872, 0.0025917576884903564, 0.00427260677697309, 0.006527887497482055, 0.009875363304044324, 0.015355530511028389, 0.025779223876994783, 0.05004156727629156, 0.1386754326791776, 4.185531697190242, 9.232456264625435], "demo_means": [0.0], "demo_stds": [1e-07], "class_balance": {"25": 0.02790346907993967, "5": 0.023755656108597284, "28": 0.026018099547511313, "21": 0.02828054298642534, "4": 0.026772247360482653, "22": 0.02564102564102564, "32": 0.02828054298642534, "15": 0.026772247360482653, "24": 0.02790346907993967, "8": 0.026395173453996983, "37": 0.024509803921568627, "30": 0.024509803921568627, "20": 0.026018099547511313, "6": 0.02526395173453997, "2": 0.021870286576168928, "13": 0.027149321266968326, "17": 0.02564102564102564, "11": 0.027149321266968326, "31": 0.026772247360482653, "14": 0.02526395173453997, "36": 0.027149321266968326, "33": 0.024886877828054297, "16": 0.024509803921568627, "29": 0.02564102564102564, "0": 0.023755656108597284, "9": 0.023755656108597284, "34": 0.027526395173453996, "12": 0.023755656108597284, "23": 0.02564102564102564, "1": 0.026018099547511313, "35": 0.026018099547511313, "38": 0.02564102564102564, "19": 0.026772247360482653, "27": 0.023378582202111614, "3": 0.02262443438914027, "26": 0.024886877828054297, "18": 0.024509803921568627, "10": 0.026018099547511313, "7": 0.02564102564102564}}