{"ts_means": [0.09523242664127135, 0.09551383458197774], "ts_stds": [0.29354007539391275, 0.2939277473556425], "demo_means": [0.0], "demo_stds": [1e-07], "class_balance": {"1": 0.495625, "0": 0.504375}}