{"ts_means": [0.009615510097604783, 0.010007056047877995], "ts_stds": [0.1409545320231243, 0.14123315776018966], "demo_means": [0.0], "demo_stds": [1e-07], "class_balance": {"1": 0.48828125, "0": 0.51171875}}