{"ts_means": [11.244294078356505, 17.711464536768812, 27.084129958243324, 30.18222217534069, 33.962413410338854, 34.65579020402009], "ts_stds": [273.8707611125402, 770.6709539516879, 687.123850736141, 681.4866464124125, 797.5754230265976, 1105.3538638703567], "demo_means": [0.0], "demo_stds": [1e-07], "class_balance": {"11": 0.30859176410777833, "1": 0.10828673106253177, "8": 0.1260803253685816, "12": 0.03355363497712252, "2": 0.15302491103202848, "0": 0.05134722928317234, "10": 0.04829689883070666, "13": 0.021860701576004067, "9": 0.029486527707168277, "7": 0.009150991357397052, "3": 0.02592780884595831, "6": 0.06609049313675648, "5": 0.0157600406710727, "4": 0.002541942043721403}}