{"ts_means": [0.0012633204444371681, 0.002665477629180454, 0.0043851189492637105, 0.0067037202769327075, 0.010139831225800495, 0.01579751365907368, 0.02647555844156662, 0.05142254730105412, 0.1426793148654602, 4.292307740977609, 9.49944058841032], "ts_stds": [0.0012277267475746636, 0.0025903696905871416, 0.004261559662612194, 0.006514842038963944, 0.009854163771305302, 0.015352478230397586, 0.025729738652735673, 0.04997399509154039, 0.13866013763382706, 4.1713962852608, 9.231848443191042], "demo_means": [0.0], "demo_stds": [1e-07], "class_balance": {"9": 0.0248072410325176, "38": 0.026148172980221252, "23": 0.025812939993295342, "26": 0.0248072410325176, "27": 0.0248072410325176, "37": 0.025812939993295342, "25": 0.025812939993295342, "3": 0.02313107609788803, "22": 0.026148172980221252, "32": 0.026483405967147166, "31": 0.025812939993295342, "10": 0.025142474019443514, "6": 0.026148172980221252, "14": 0.026483405967147166, "20": 0.026148172980221252, "33": 0.026483405967147166, "35": 0.025812939993295342, "17": 0.025477707006369428, "18": 0.025142474019443514, "16": 0.025812939993295342, "19": 0.025142474019443514, "2": 0.022795843110962118, "36": 0.026148172980221252, "4": 0.02681863895407308, "0": 0.024136775058665773, "21": 0.02681863895407308, "8": 0.025812939993295342, "13": 0.026148172980221252, "5": 0.023466309084813945, "15": 0.026148172980221252, "29": 0.025142474019443514, "30": 0.025142474019443514, "34": 0.026148172980221252, "7": 0.026148172980221252, "28": 0.026148172980221252, "1": 0.025477707006369428, "12": 0.0248072410325176, "11": 0.027489104927924907, "24": 0.02782433791485082}}