{"ts_means": [0.0012619325444962132, 0.002662746405968323, 0.004381192969122302, 0.006697713072364768, 0.01012905662899217, 0.015790837667860214, 0.026452489269575816, 0.051302685016631294, 0.1426271618594284, 4.286926637999714, 9.499722103489537], "ts_stds": [0.0012289200413030602, 0.002594479239678856, 0.004270710598765452, 0.006524202814847826, 0.009869011175909348, 0.01539119220748281, 0.025773981915463665, 0.049994659618619416, 0.13900609981459275, 4.177889536393608, 9.25677269234458], "demo_means": [0.0], "demo_stds": [1e-07], "class_balance": {"25": 0.02790346907993967, "5": 0.023755656108597284, "28": 0.026018099547511313, "21": 0.02828054298642534, "4": 0.026772247360482653, "22": 0.02564102564102564, "32": 0.02828054298642534, "15": 0.026772247360482653, "24": 0.02790346907993967, "8": 0.026395173453996983, "37": 0.024509803921568627, "30": 0.024509803921568627, "20": 0.026018099547511313, "6": 0.02526395173453997, "2": 0.021870286576168928, "13": 0.027149321266968326, "17": 0.02564102564102564, "11": 0.027149321266968326, "31": 0.026772247360482653, "14": 0.02526395173453997, "36": 0.027149321266968326, "33": 0.024886877828054297, "16": 0.024509803921568627, "29": 0.02564102564102564, "0": 0.023755656108597284, "9": 0.023755656108597284, "34": 0.027526395173453996, "12": 0.023755656108597284, "23": 0.02564102564102564, "1": 0.026018099547511313, "35": 0.026018099547511313, "38": 0.02564102564102564, "19": 0.026772247360482653, "27": 0.023378582202111614, "3": 0.02262443438914027, "26": 0.024886877828054297, "18": 0.024509803921568627, "10": 0.026018099547511313, "7": 0.02564102564102564}}