{"ts_means": [11.111798020551184, 18.514185104694416, 25.71500126055353, 30.822876177343566, 32.004707276782575, 31.06933174085052], "ts_stds": [286.55599807020275, 791.1848174010388, 674.2370331897902, 681.3329542854027, 796.0336944111189, 1079.0192250945834], "demo_means": [0.0], "demo_stds": [1e-07], "class_balance": {"11": 0.30859176410777833, "1": 0.10828673106253177, "8": 0.1260803253685816, "12": 0.03355363497712252, "2": 0.15302491103202848, "0": 0.05134722928317234, "10": 0.04829689883070666, "13": 0.021860701576004067, "9": 0.029486527707168277, "7": 0.009150991357397052, "3": 0.02592780884595831, "6": 0.06609049313675648, "5": 0.0157600406710727, "4": 0.002541942043721403}}