{"ts_means": [12.587803171136382, 14.751497286429293, 30.3190595413917, 30.538732007888218, 36.42300565241604, 18.533635920215186], "ts_stds": [337.4745895246736, 729.3458230840455, 682.5606676658513, 654.8157158781243, 746.1792398364431, 987.0021537932633], "demo_means": [0.0], "demo_stds": [1e-07], "class_balance": {"11": 0.30859176410777833, "1": 0.10828673106253177, "8": 0.1260803253685816, "12": 0.03355363497712252, "2": 0.15302491103202848, "0": 0.05134722928317234, "10": 0.04829689883070666, "13": 0.021860701576004067, "9": 0.029486527707168277, "7": 0.009150991357397052, "3": 0.02592780884595831, "6": 0.06609049313675648, "5": 0.0157600406710727, "4": 0.002541942043721403}}