{"ts_means": [0.0012631960494624403, 0.0026598073134748114, 0.004384470392784774, 0.006702470839959604, 0.010141043324963711, 0.01578694141210417, 0.026464113208612042, 0.051214047415088816, 0.14232431734325895, 4.291378595078773, 9.487462404411168], "ts_stds": [0.0012299280493582093, 0.0025914659808085943, 0.004281454174658255, 0.006543016539916976, 0.009885943997742076, 0.01540559468607506, 0.025722004182720425, 0.04998505641031372, 0.13888160186346, 4.174767841375004, 9.229009101403037], "demo_means": [0.0], "demo_stds": [1e-07], "class_balance": {"25": 0.02790346907993967, "5": 0.023755656108597284, "28": 0.026018099547511313, "21": 0.02828054298642534, "4": 0.026772247360482653, "22": 0.02564102564102564, "32": 0.02828054298642534, "15": 0.026772247360482653, "24": 0.02790346907993967, "8": 0.026395173453996983, "37": 0.024509803921568627, "30": 0.024509803921568627, "20": 0.026018099547511313, "6": 0.02526395173453997, "2": 0.021870286576168928, "13": 0.027149321266968326, "17": 0.02564102564102564, "11": 0.027149321266968326, "31": 0.026772247360482653, "14": 0.02526395173453997, "36": 0.027149321266968326, "33": 0.024886877828054297, "16": 0.024509803921568627, "29": 0.02564102564102564, "0": 0.023755656108597284, "9": 0.023755656108597284, "34": 0.027526395173453996, "12": 0.023755656108597284, "23": 0.02564102564102564, "1": 0.026018099547511313, "35": 0.026018099547511313, "38": 0.02564102564102564, "19": 0.026772247360482653, "27": 0.023378582202111614, "3": 0.02262443438914027, "26": 0.024886877828054297, "18": 0.024509803921568627, "10": 0.026018099547511313, "7": 0.02564102564102564}}