{"ts_means": [50.204142750187174, 51.344931163954946], "ts_stds": [33.93924185814014, 35.11794619779899], "demo_means": [0.0], "demo_stds": [1e-07], "class_balance": {"6": 0.0932443703085905, "4": 0.10542118432026688, "1": 0.10375312760633862, "9": 0.09724770642201835, "7": 0.10275229357798166, "5": 0.09457881567973311, "3": 0.09741451209341118, "2": 0.10642201834862386, "8": 0.09441201000834028, "0": 0.10475396163469558}}