{"ts_means": [0.05524957267908631, 0.055248618784530384], "ts_stds": [0.22846872569626153, 0.2284668687143308], "demo_means": [0.0], "demo_stds": [1e-07], "class_balance": {"1": 0.495625, "0": 0.504375}}