{"ts_means": [12.328249702401177, 20.68431011189853, 30.1021440727944, 37.53023875474525, 35.96973583833017, 36.36678762914487], "ts_stds": [271.6727973042495, 580.1825286602051, 394.4364925017238, 529.7657519870659, 530.4148038463569, 844.4175056592876], "demo_means": [0.0], "demo_stds": [1e-07], "class_balance": {"11": 0.30859176410777833, "1": 0.10828673106253177, "8": 0.1260803253685816, "12": 0.03355363497712252, "2": 0.15302491103202848, "0": 0.05134722928317234, "10": 0.04829689883070666, "13": 0.021860701576004067, "9": 0.029486527707168277, "7": 0.009150991357397052, "3": 0.02592780884595831, "6": 0.06609049313675648, "5": 0.0157600406710727, "4": 0.002541942043721403}}