{"ts_means": [2.8950795997774925, 1.7281610444190811, 0.250739225708966, 2.8160047237184207, 1.676331791649075, 0.23221166175068206, 2.7053180976435667, 1.69247129291083, 0.6894476905603161, 2.797817784106088, 1.6855247645975795, 0.537322070271472], "ts_stds": [0.7055982127725586, 0.44568980819107995, 0.2619792717541176, 0.7366945846111836, 0.44189315600726664, 0.2492104300975764, 1.1957136592340714, 0.5167085523489673, 0.4350649329640429, 0.9943459980458546, 0.499548011791696, 0.35163507995716364], "demo_means": [0.0], "demo_stds": [1e-07], "class_balance": {"4": 0.16070577014783025, "6": 0.07749165474487363, "2": 0.3681449690033381, "1": 0.013590844062947067, "3": 0.1781115879828326, "0": 0.1630901287553648, "5": 0.038865045302813546}}