{"ts_means": [0.001261233766802406, 0.002663515123597619, 0.004378973052987154, 0.006699878833143582, 0.010124086861794128, 0.015783766647198712, 0.026449824354384723, 0.05133821897580632, 0.142418808579397, 4.287433686800673, 9.492108249772272], "ts_stds": [0.0012293234930643854, 0.0025968566224568767, 0.0042713560583961295, 0.0065298526580971315, 0.00986556819054466, 0.015381447481897348, 0.025759375283342868, 0.049988545543269494, 0.13869963372777208, 4.176781738205754, 9.240035772223425], "demo_means": [0.0], "demo_stds": [1e-07], "class_balance": {"25": 0.02790346907993967, "5": 0.023755656108597284, "28": 0.026018099547511313, "21": 0.02828054298642534, "4": 0.026772247360482653, "22": 0.02564102564102564, "32": 0.02828054298642534, "15": 0.026772247360482653, "24": 0.02790346907993967, "8": 0.026395173453996983, "37": 0.024509803921568627, "30": 0.024509803921568627, "20": 0.026018099547511313, "6": 0.02526395173453997, "2": 0.021870286576168928, "13": 0.027149321266968326, "17": 0.02564102564102564, "11": 0.027149321266968326, "31": 0.026772247360482653, "14": 0.02526395173453997, "36": 0.027149321266968326, "33": 0.024886877828054297, "16": 0.024509803921568627, "29": 0.02564102564102564, "0": 0.023755656108597284, "9": 0.023755656108597284, "34": 0.027526395173453996, "12": 0.023755656108597284, "23": 0.02564102564102564, "1": 0.026018099547511313, "35": 0.026018099547511313, "38": 0.02564102564102564, "19": 0.026772247360482653, "27": 0.023378582202111614, "3": 0.02262443438914027, "26": 0.024886877828054297, "18": 0.024509803921568627, "10": 0.026018099547511313, "7": 0.02564102564102564}}