{"ts_means": [0.0012614563514364468, 0.002652312495306537, 0.004375950409364182, 0.006690606808842239, 0.010143895515272951, 0.01575142490319357, 0.026455522024360013, 0.051368693222362996, 0.1425452366385528, 4.277947833225053, 9.535776989241365], "ts_stds": [0.0012349151229244155, 0.0025905751423120627, 0.0042689385837434805, 0.00649879484964024, 0.009884835540054492, 0.015395277788999327, 0.02573901779141728, 0.04988991273647214, 0.13890785662673194, 4.159485153766698, 9.296076283529867], "demo_means": [0.0], "demo_stds": [1e-07], "class_balance": {"25": 0.02790346907993967, "5": 0.023755656108597284, "28": 0.026018099547511313, "21": 0.02828054298642534, "4": 0.026772247360482653, "22": 0.02564102564102564, "32": 0.02828054298642534, "15": 0.026772247360482653, "24": 0.02790346907993967, "8": 0.026395173453996983, "37": 0.024509803921568627, "30": 0.024509803921568627, "20": 0.026018099547511313, "6": 0.02526395173453997, "2": 0.021870286576168928, "13": 0.027149321266968326, "17": 0.02564102564102564, "11": 0.027149321266968326, "31": 0.026772247360482653, "14": 0.02526395173453997, "36": 0.027149321266968326, "33": 0.024886877828054297, "16": 0.024509803921568627, "29": 0.02564102564102564, "0": 0.023755656108597284, "9": 0.023755656108597284, "34": 0.027526395173453996, "12": 0.023755656108597284, "23": 0.02564102564102564, "1": 0.026018099547511313, "35": 0.026018099547511313, "38": 0.02564102564102564, "19": 0.026772247360482653, "27": 0.023378582202111614, "3": 0.02262443438914027, "26": 0.024886877828054297, "18": 0.024509803921568627, "10": 0.026018099547511313, "7": 0.02564102564102564}}