{"ts_means": [0.0012363156925109455, 0.002658773086060846, 0.004284920275515673, 0.006642217185967837, 0.009923439466595291, 0.015471637941630064, 0.02574172158314287, 0.050522893970945656, 0.14056977410728763, 4.186036830338148, 9.413083152932593], "ts_stds": [0.0006270267978057323, 0.0017635025492024634, 0.0022001942765726623, 0.004225064929959604, 0.005042383619373123, 0.007786583573552417, 0.015214963143203615, 0.025297880485961842, 0.07033359883864741, 2.7823251165556426, 6.3061384260771725], "demo_means": [0.0], "demo_stds": [1e-07], "class_balance": {"25": 0.02790346907993967, "5": 0.023755656108597284, "28": 0.026018099547511313, "21": 0.02828054298642534, "4": 0.026772247360482653, "22": 0.02564102564102564, "32": 0.02828054298642534, "15": 0.026772247360482653, "24": 0.02790346907993967, "8": 0.026395173453996983, "37": 0.024509803921568627, "30": 0.024509803921568627, "20": 0.026018099547511313, "6": 0.02526395173453997, "2": 0.021870286576168928, "13": 0.027149321266968326, "17": 0.02564102564102564, "11": 0.027149321266968326, "31": 0.026772247360482653, "14": 0.02526395173453997, "36": 0.027149321266968326, "33": 0.024886877828054297, "16": 0.024509803921568627, "29": 0.02564102564102564, "0": 0.023755656108597284, "9": 0.023755656108597284, "34": 0.027526395173453996, "12": 0.023755656108597284, "23": 0.02564102564102564, "1": 0.026018099547511313, "35": 0.026018099547511313, "38": 0.02564102564102564, "19": 0.026772247360482653, "27": 0.023378582202111614, "3": 0.02262443438914027, "26": 0.024886877828054297, "18": 0.024509803921568627, "10": 0.026018099547511313, "7": 0.02564102564102564}}