{"ts_means": [0.09410933081998114, 0.09520200824136787], "ts_stds": [0.29198420077679443, 0.2934972331358009], "demo_means": [0.0], "demo_stds": [1e-07], "class_balance": {"1": 0.495625, "0": 0.504375}}