{"ts_means": [-0.0001684082327707945, -0.0036024797790018123, 0.0014590834944238993, 0.0009120961367891967, -0.003603961209654506, 0.0003783641764654909], "ts_stds": [1.0014957510958777, 0.9986743012631355, 0.9933309934328799, 1.0032936157784722, 1.0032829147265432, 0.9947141688989505], "demo_means": [0.0], "demo_stds": [1e-07], "class_balance": {"0": 0.5002122241086587, "1": 0.49978777589134127}}