{"ts_means": [0.049762293090883855, 0.04982447603489625], "ts_stds": [0.21745534655369506, 0.21758405358659705], "demo_means": [0.0], "demo_stds": [1e-07], "class_balance": {"1": 0.495625, "0": 0.504375}}