{"ts_means": [14.187145337184003, 33.88820799306876, 29.15117670634779, 38.482372277222304, 34.13153463626189, 43.328982941386684], "ts_stds": [320.30258994806246, 806.2999438148514, 633.497320402843, 663.9541052526536, 678.8341497898396, 1232.9136373647982], "demo_means": [0.0], "demo_stds": [1e-07], "class_balance": {"11": 0.30859176410777833, "1": 0.10828673106253177, "8": 0.1260803253685816, "12": 0.03355363497712252, "2": 0.15302491103202848, "0": 0.05134722928317234, "10": 0.04829689883070666, "13": 0.021860701576004067, "9": 0.029486527707168277, "7": 0.009150991357397052, "3": 0.02592780884595831, "6": 0.06609049313675648, "5": 0.0157600406710727, "4": 0.002541942043721403}}