{"ts_means": [0.34434520606908425, 0.34624540142826227], "ts_stds": [0.47517984231431415, 0.4757982960782595], "demo_means": [0.0], "demo_stds": [1e-07], "class_balance": {"1": 0.495625, "0": 0.504375}}