{"ts_means": [83.17298454130955, 87.11382684069461, 78.4312576582153, 61.1190916180042, 119.62416771415893, 98.15021655140195, 22.240031485446753, 0.12833545108005082, 144.2022704561201, 7.273722677648388, 37.01696436338147, 0.5441576762272298, 3.176706708483737, 5.284254581475978, 11.609908670086325, 2.7865054590607548], "ts_stds": [25.734122283088254, 18.620720573634834, 137.310332359367, 233.76714133809818, 31.140952365161542, 1121.882725206949, 2704.5263154180147, 0.3345338005285538, 71.91322831507044, 1.04547542743368, 10.913691337879412, 0.20322020447422984, 1.1233760961467552, 1.4076303186931365, 3.9109981618100997, 2.3492823337944353], "demo_means": [31.383920639620964], "demo_stds": [66.97422067008037], "class_balance": {"0": 0.8688925081433225, "1": 0.13110749185667753}}