{"ts_means": [82.89429788983098, 121.0902199266911, 346.1011648679547, 498.99118978338186, 2.891742030445817, 27.022024209818426, 2.8870453910190537, 155.0529695024077, 1.477428838575718, 59.150905946974675, 0.5469502945269971, 11.43363306488783, 141.113893728223, 23.085212209132983, 30.71462624042737, 87.53707328249143, 4.128676623261168, 3.0139604863793803, 79.66759728391426, 1.0, 2.0128769323621176, 58.111971193351025, 77.001685824082, 118.98577318379824, 139.10428875865742, 40.38062914284413, 150.8572514666614, 188.68037294073392, 19.706284456284457, 96.67760372823079, 118.81181228969375, 37.02485138165427, 8.022818827279062, 1.196991099087045, 118.09444361524699, 13.242917484512105, 7.437642451899932], "ts_stds": [24.848340012485277, 191.7167618211592, 1066.19342779941, 1685.567188303253, 0.6554031400516249, 22.23560245006063, 5.931634114030989, 43.239244188034185, 1.5608623128970704, 13.427189801007419, 0.1914604878346594, 4.001219830529007, 64.93790209025252, 4.705766916414596, 5.0338309373389105, 18.640640582339636, 0.6771182105195085, 2.618973793045087, 17.175109268156344, 1e-07, 0.434052481833788, 15.645640144862496, 15.835807419703208, 23.587588192311355, 5.278497831388419, 9.137496513214076, 89.12857628645905, 106.884750565049, 5.50977782506504, 3.6619942146339777, 25.381274304745844, 1.3471227275512292, 10.362366795397897, 2.86610529739959, 156.93517108919772, 41.15498371661986, 6.022716798619327], "demo_means": [64.53595622720167, 0.0, 0.0, 87.91456504682503, 0.0, 0.0, 0.0, 0.0], "demo_stds": [17.29247572654833, 1.0, 1.0, 86.14848106982161, 1.0, 1.0, 1.0, 1.0], "class_balance": {"0": 0.8539603960396039, "1": 0.14603960396039603}}